{"assets/icons/Location.svg":["assets/icons/Location.svg"],"assets/icons/Logout.svg":["assets/icons/Logout.svg"],"assets/icons/Paper.svg":["assets/icons/Paper.svg"],"assets/icons/Send.svg":["assets/icons/Send.svg"],"assets/icons/Star.svg":["assets/icons/Star.svg"],"assets/icons/Unlock.svg":["assets/icons/Unlock.svg"],"assets/icons/Wallet.svg":["assets/icons/Wallet.svg"],"assets/icons/appbar_bg.png":["assets/icons/appbar_bg.png"],"assets/icons/bg.png":["assets/icons/bg.png"],"assets/icons/bg.svg":["assets/icons/bg.svg"],"assets/icons/cancel.svg":["assets/icons/cancel.svg"],"assets/icons/cash.svg":["assets/icons/cash.svg"],"assets/icons/chat.svg":["assets/icons/chat.svg"],"assets/icons/color_wallet.svg":["assets/icons/color_wallet.svg"],"assets/icons/currency.svg":["assets/icons/currency.svg"],"assets/icons/delivery.svg":["assets/icons/delivery.svg"],"assets/icons/earphn.svg":["assets/icons/earphn.svg"],"assets/icons/edit.svg":["assets/icons/edit.svg"],"assets/icons/faq.svg":["assets/icons/faq.svg"],"assets/icons/filter.svg":["assets/icons/filter.svg"],"assets/icons/language.svg":["assets/icons/language.svg"],"assets/icons/menu.svg":["assets/icons/menu.svg"],"assets/icons/notfication.svg":["assets/icons/notfication.svg"],"assets/icons/order.svg":["assets/icons/order.svg"],"assets/icons/pymt.svg":["assets/icons/pymt.svg"],"assets/icons/qr.svg":["assets/icons/qr.svg"],"assets/icons/tick.svg":["assets/icons/tick.svg"],"assets/icons/user.svg":["assets/icons/user.svg"],"assets/icons/vechile.svg":["assets/icons/vechile.svg"],"assets/images/Group 76.png":["assets/images/Group 76.png"],"assets/images/alpha_logo-light.png":["assets/images/alpha_logo-light.png"],"assets/images/bg-icon.png":["assets/images/bg-icon.png"],"assets/images/cancel.png":["assets/images/cancel.png"],"assets/images/cancelOrder.png":["assets/images/cancelOrder.png"],"assets/images/deactivate.png":["assets/images/deactivate.png"],"assets/images/default-img.png":["assets/images/default-img.png"],"assets/images/edit_btn.png":["assets/images/edit_btn.png"],"assets/images/header-bg.png":["assets/images/header-bg.png"],"assets/images/header_bg_line.png":["assets/images/header_bg_line.png"],"assets/images/iimage.png":["assets/images/iimage.png"],"assets/images/onboarding_bg-light.png":["assets/images/onboarding_bg-light.png"],"assets/images/profile.png":["assets/images/profile.png"],"assets/images/rescheduling.png":["assets/images/rescheduling.png"],"packages/cupertino_icons/assets/CupertinoIcons.ttf":["packages/cupertino_icons/assets/CupertinoIcons.ttf"],"packages/easy_stepper/assets/loading_black.json":["packages/easy_stepper/assets/loading_black.json"],"packages/easy_stepper/assets/loading_white.json":["packages/easy_stepper/assets/loading_white.json"]}